Produi_Desc_FR,Produit_Desc_EN,Date_Emission,Valeur_Nominale,Devise_Nominale,Montant_CAD,Taux_Coupon,Taux_Rendement_Investisseur,Date_Echeance,Encours_Cumulatif_CAD,Prefixe,ISIN,Type_Produits_Ref,Type_Produit_Desc_FR,Type_Produit_Desc_EN,id
Obligations,Debentures,2024-04-03,3750000000,USD,5065700000,4.5,4.531,2029-04-03,3750000000,RE-01,US748148M915,3,Emprunts publics,Public issues,14
Obligations,Debentures,2024-09-05,2000000000,USD,2695300000,4.25,4.275,2034-09-05,2000000000,RF-01,US748148SF18,3,Emprunts publics,Public issues,15
Billets à moyen terme - marché canadien,Medium Term Note - Canadian Program,2024-04-02,600000000,CAD,574100000,3.6,4.158,2033-09-01,11550000000,B135-19,CA74814ZFS70,3,Emprunts publics,Public issues,16
Billets à moyen terme - marché canadien,Medium Term Note - Canadian Program,2024-04-05,750000000,CAD,708200000,3.6,4.328,2033-09-01,12300000000,B135-20,CA74814ZFS70,3,Emprunts publics,Public issues,17
Billets à moyen terme - marché canadien,Medium Term Note - Canadian Program,2024-04-09,600000000,CAD,599300000,4.4,4.407,2055-12-01,10850000000,B133-21,CA74814ZFQ15,3,Emprunts publics,Public issues,18
Billets à moyen terme - marché canadien,Medium Term Note - Canadian Program,2024-04-15,750000000,CAD,752500000,4.45,4.409,2034-09-01,750000000,B136-01,CA74814ZFT53,3,Emprunts publics,Public issues,19
Billets à moyen terme - marché canadien,Medium Term Note - Canadian Program,2024-04-17,750000000,CAD,749300000,4.45,4.461,2034-09-01,1500000000,B136-02,CA74814ZFT53,3,Emprunts publics,Public issues,20
Billets à moyen terme - marché canadien,Medium Term Note - Canadian Program,2024-04-24,600000000,CAD,575200000,4.4,4.651,2055-12-01,11450000000,B133-22,CA74814ZFQ15,3,Emprunts publics,Public issues,21
Billets à moyen terme - marché canadien,Medium Term Note - Canadian Program,2024-04-26,750000000,CAD,744100000,4.45,4.545,2034-09-01,2250000000,B136-03,CA74814ZFT53,3,Emprunts publics,Public issues,22
Billets à moyen terme - marché canadien,Medium Term Note - Canadian Program,2024-05-06,600000000,CAD,578500000,4.4,4.617,2055-12-01,12050000000,B133-23,CA74814ZFQ15,3,Emprunts publics,Public issues,23
Billets à moyen terme - marché canadien,Medium Term Note - Canadian Program,2024-05-14,750000000,CAD,751700000,4.45,4.421,2034-09-01,3000000000,B136-04,CA74814ZFT53,3,Emprunts publics,Public issues,24
Billets à moyen terme - marché canadien,Medium Term Note - Canadian Program,2024-05-17,600000000,CAD,598700000,4.4,4.413,2055-12-01,12650000000,B133-24,CA74814ZFQ15,3,Emprunts publics,Public issues,25
Billets à moyen terme - marché canadien,Medium Term Note - Canadian Program,2024-05-28,750000000,CAD,756200000,4.45,4.349,2034-09-01,3750000000,B136-05,CA74814ZFT53,3,Emprunts publics,Public issues,26
Billets à moyen terme - marché canadien,Medium Term Note - Canadian Program,2024-05-30,750000000,CAD,749100000,4.4,4.407,2055-12-01,13400000000,B133-25,CA74814ZFQ15,3,Emprunts publics,Public issues,27
Billets à moyen terme - marché canadien,Medium Term Note - Canadian Program,2024-06-10,750000000,CAD,768800000,4.4,4.255,2055-12-01,14150000000,B133-26,CA74814ZFQ15,3,Emprunts publics,Public issues,28
Billets à moyen terme - marché canadien,Medium Term Note - Canadian Program,2024-06-28,750000000,CAD,767200000,4.45,4.17,2034-09-01,4500000000,B136-06,CA74814ZFT53,3,Emprunts publics,Public issues,29
Billets à moyen terme - marché canadien,Medium Term Note - Canadian Program,2024-07-02,600000000,CAD,609600000,4.4,4.306,2055-12-01,14750000000,B133-27,CA74814ZFQ15,3,Emprunts publics,Public issues,30
Billets à moyen terme - marché canadien,Medium Term Note - Canadian Program,2024-07-12,750000000,CAD,766300000,4.45,4.184,2034-09-01,5250000000,B136-07,CA74814ZFT53,3,Emprunts publics,Public issues,31
Billets à moyen terme - marché canadien,Medium Term Note - Canadian Program,2024-07-24,600000000,CAD,607300000,4.4,4.328,2055-12-01,15350000000,B133-28,CA74814ZFQ15,3,Emprunts publics,Public issues,32
Billets à moyen terme - marché canadien,Medium Term Note - Canadian Program,2024-07-29,750000000,CAD,771600000,4.45,4.099,2034-09-01,6000000000,B136-08,CA74814ZFT53,3,Emprunts publics,Public issues,33
Billets à moyen terme - marché canadien,Medium Term Note - Canadian Program,2024-08-12,750000000,CAD,782800000,4.45,3.92,2034-09-01,6750000000,B136-09,CA74814ZFT53,3,Emprunts publics,Public issues,34
Billets à moyen terme - marché canadien,Medium Term Note - Canadian Program,2024-08-19,600000000,CAD,625900000,4.4,4.152,2055-12-01,15950000000,B133-29,CA74814ZFQ15,3,Emprunts publics,Public issues,35
Billets à moyen terme - marché canadien,Medium Term Note - Canadian Program,2024-08-23,750000000,CAD,794200000,4.45,3.74,2034-09-01,7500000000,B136-10,CA74814ZFT53,3,Emprunts publics,Public issues,36
Billets à moyen terme - marché canadien,Medium Term Note - Canadian Program,2024-08-26,750000000,CAD,790100000,4.4,4.095,2055-12-01,16700000000,B133-30,CA74814ZFQ15,3,Emprunts publics,Public issues,37
Billets à moyen terme - marché canadien,Medium Term Note - Canadian Program,2024-09-03,750000000,CAD,751200000,4.2,4.191,2057-12-01,750000000,B137-01,CA74814ZFU27,3,Emprunts publics,Public issues,38
Billets à moyen terme - marché canadien,Medium Term Note - Canadian Program,2024-09-11,750000000,CAD,796200000,4.45,3.705,2034-09-01,8250000000,B136-11,CA74814ZFT53,3,Emprunts publics,Public issues,39
Billets à moyen terme - marché canadien,Medium Term Note - Canadian Program,2024-09-12,750000000,CAD,770000000,4.2,4.053,2057-12-01,1500000000,B137-02,CA74814ZFU27,3,Emprunts publics,Public issues,40
Billets à moyen terme - marché canadien,Medium Term Note - Canadian Program,2024-09-24,750000000,CAD,798600000,4.45,3.665,2034-09-01,9000000000,B136-12,CA74814ZFT53,3,Emprunts publics,Public issues,41
Billets à moyen terme - marché canadien,Medium Term Note - Canadian Program,2024-10-10,750000000,CAD,733100000,4.2,4.328,2057-12-01,2250000000,B137-03,CA74814ZFU27,3,Emprunts publics,Public issues,42
Billets à moyen terme - marché canadien,Medium Term Note - Canadian Program,2024-10-23,750000000,CAD,784900000,4.45,3.877,2034-09-01,9750000000,B136-13,CA74814ZFT53,3,Emprunts publics,Public issues,43
Billets à moyen terme - marché canadien,Medium Term Note - Canadian Program,2024-10-29,750000000,CAD,738600000,4.2,4.286,2057-12-01,3000000000,B137-04,CA74814ZFU27,3,Emprunts publics,Public issues,44
Billets à moyen terme - marché canadien,Medium Term Note - Canadian Program,2024-12-04,600000000,CAD,614600000,4.2,4.065,2057-12-01,3600000000,B137-05,CA74814ZFU27,3,Emprunts publics,Public issues,45
Billets à moyen terme - marché canadien,Medium Term Note - Canadian Program,2024-12-06,750000000,CAD,791800000,4.45,3.76,2034-09-01,10500000000,B136-14,CA74814ZFT53,3,Emprunts publics,Public issues,46
Billets à moyen terme - marché canadien,Medium Term Note - Canadian Program,2025-01-13,600000000,CAD,585800000,4.2,4.336,2057-12-01,4200000000,B137-06,CA74814ZFU27,3,Emprunts publics,Public issues,47
Billets à moyen terme - marché canadien,Medium Term Note - Canadian Program,2025-01-27,750000000,CAD,782200000,4.45,3.909,2034-09-01,11250000000,B136-15,CA74814ZFT53,3,Emprunts publics,Public issues,48
Billets à moyen terme - marché australien,Medium Term Note - Australian Program,2024-05-02,1350000000,AUD,1212200000,5.25,5.25,2034-05-02,1350000000,D011-01,AU3CB0309060,3,Emprunts publics,Public issues,49
Billets à moyen terme - marché européen,Medium Term Note - European Program,2024-04-26,290000000,CHF,433500000,1.3675,1.3675,2034-04-26,290000000,E219-01,CH1342764060,3,Emprunts publics,Public issues,50
Billets à moyen terme - marché européen,Medium Term Note - European Program,2024-07-23,125000000,EURO,1865900000,3.35,3.371,2039-07-23,1250000000,E220-01,XS2865588797,3,Emprunts publics,Public issues,51
Billets à moyen terme - marché européen,Medium Term Note - European Program,2025-01-22,750000000,GBP,1323200000,4.75,4.836,2030-01-22,750000000,E221-01,XS2980761014,3,Emprunts publics,Public issues,52
Produits d'épargne,Saving Products,,,n/a,625900000,,,,,n/a,n/a,,n/a,n/a,53
Programme des immigrants investisseurs,Immigrant Investor Program,,,n/a,2900000,,,,,n/a,n/a,,n/a,n/a,54
